John Smith;johnsmith123;2098622968;1234 Elm St;New York;1234567890;1990-05-15;USA;+1;12345678;12345678,USA,2025-05-15
Emma Johnson;emmajohnson456;730737391;5678 Oak St;Los Angeles;9876543210;1988-08-25;Canada;+1;12345678;12345678,Canada,2024-10-10
Michael Williams;michaelw456;1923519522;2468 Pine St;Chicago;5556667777;1995-02-12;UK;+44;12345678;12345678,UK,2023-12-31
Alice White;alicewhite22;1649295482;789 Cherry Lane;San Francisco;5551234567;1991-11-18;USA;+1;12345678;90123456,USA,2026-07-30
Robert Davis;robertd123;2079881333;369 Elmwood Ave;Miami;5559876543;1985-06-25;Canada;+1;12345678;56789012,Canada,2025-09-15
Emily Turner;emilyt456;129493390;1234 Oak Lane;Seattle;5557890123;1998-03-07;UK;+44;12345678;23456789,UK,2024-05-20
Daniel Harris;danielh87;-1492839432;5678 Willow St;Boston;5553456789;1993-09-12;USA;+1;12345678;67890123,USA,2023-11-28
Sophia Martinez;sophiam55;966596744;2589 Cedar Ave;Houston;5552345678;1980-12-30;Canada;+1;12345678;12345678,Canada,2022-12-15
Oliver Robinson;oliverr99;-1492839399;9632 Birch St;Atlanta;5558765432;1975-05-03;UK;+44;12345678;78901234,UK,2026-01-05
Grace Lee;gracelee98;966594949;7410 Maple Ave;Chicago;5556543210;1996-08-22;USA;+1;12345678;90123456,USA,2027-03-10
William Johnson;williamj567;-411445478;4567 Elm St;Los Angeles;5559876543;1990-10-12;USA;+1;1234567890;1234567890,USA,2025-07-20
Sophie Brown;sophieb123;-411449450;7890 Oak Ave;San Francisco;5551234567;1988-05-25;Canada;+1;2345678901;2345678901,Canada,2024-11-30
Ethan Clark;ethanc99;-1492839399;123 Maple St;Miami;5554567890;1995-12-18;UK;+44;3456789012;3456789012,UK,2023-08-15
Ava Rodriguez;avar456;-100333427;9876 Cedar Ave;Seattle;5557890123;1998-03-07;USA;+1;4567890123;4567890123,USA,2026-05-12
Logan Wright;loganw88;-1492839431;3210 Pine Lane;Boston;5552345678;1993-09-12;Canada;+1;5678901234;5678901234,Canada,2025-12-28
Luna King;lunak75;966596806;6543 Willow St;Houston;5553456789;1980-12-30;UK;+44;6789012345;6789012345,UK,2023-11-05
Henry Baker;henryb99;-1492839399;8967 Cherry Ave;Atlanta;5558765432;1975-05-03;USA;+1;7890123456;7890123456,USA,2027-02-18
Zoe Carter;zoec99;966594950;7410 Oak Ave;Chicago;5556543210;1996-08-22;Canada;+1;8901234567;8901234567,Canada,2022-09-10
Mia Hill;miah98;-1492839400;8521 Cedar St;Los Angeles;5551234567;1991-11-18;UK;+44;9012345678;9012345678,UK,2024-07-30
Jacob Garcia;jacobg11;1649295450;9634 Birch Lane;Miami;5559876543;1985-06-25;USA;+1;1234567890;1234567890,USA,2026-09-15
test;main;3506433;example@example.com;Here;1000000;2001-09-11;Over-there;+1;2343241242;12312412,Colombia,2050-01-01
test;main;3506433;example@example.com;Here;1000000;2001-09-11;Over-there;+1;2343241242;12312412,Colombia,2050-01-01
test;main;3506433;example@example.com;Here;1000000;2001-09-11;Over-there;+1;2343241242;12312412,Colombia,2050-01-01
test;main;3506433;example@example.com;Here;1000000;2001-09-11;Over-there;+1;2343241242;12312412,Colombia,2050-01-01
test;main;3506433;example@example.com;Here;1000000;2001-09-11;Over-there;+1;2343241242;12312412,Colombia,2050-01-01